{
    "mae": 106249.1015625,
    "mse": 37712445440.0,
    "r2": 0.9363260269165039,
    "rmse": 194196.921875
}
