{
    "mae": 61793.140625,
    "mse": 23276371968.0,
    "r2": 0.9808266758918762,
    "rmse": 152565.953125
}
